record_id,employee_id,event_id,date,due_date,status,completion_pct,score,feedback_rating,assigned_by;;;;;;;;;;
R000001,E0018,EV_035,2024-10-01,,completed,100,61,5,manager;;;;;;;;;;
R000002,E0054,EV_036,2024-10-01,,declined,0,,,manager;;;;;;;;;;
R000003,E0063,EV_037,2024-10-02,,dropped,45,,3,self;;;;;;;;;;
R000004,E0003,EV_039,2024-10-03,,completed,100,,4,self;;;;;;;;;;
R000005,E0060,EV_032,2024-10-03,,completed,100,,3,self;;;;;;;;;;
R000006,E0107,EV_027,2024-10-03,,completed,100,,,self;;;;;;;;;;
R000007,E0007,EV_007,2024-10-04,,completed,100,,5,manager;;;;;;;;;;
R000008,E0073,EV_038,2024-10-04,,completed,100,75,,manager;;;;;;;;;;
R000009,E0057,EV_032,2024-10-07,,completed,100,,3,self;;;;;;;;;;
R000010,E0099,EV_029,2024-10-07,,completed,100,91,5,hr;;;;;;;;;;
R000011,E0131,EV_030,2024-10-07,,completed,100,,3,self;;;;;;;;;;
R000012,E0043,EV_037,2024-10-08,,completed,100,,3,manager;;;;;;;;;;
R000013,E0071,EV_026,2024-10-08,,completed,100,,3,self;;;;;;;;;;
R000014,E0154,EV_037,2024-10-08,,completed,100,,3,self;;;;;;;;;;
R000015,E0138,EV_034,2024-10-09,,declined,0,,,manager;;;;;;;;;;
R000016,E0013,EV_040,2024-10-10,,completed,100,,,self;;;;;;;;;;
R000017,E0099,EV_008,2024-10-11,,no_show,0,,,manager;;;;;;;;;;
R000018,E0092,EV_001,2024-10-14,2024-11-13,completed,100,99,,hr;;;;;;;;;;
R000019,E0092,EV_002,2024-10-14,2024-11-13,completed,100,74,,hr;;;;;;;;;;
